{
	"Version": 3,
	"Meta": {
		"Duration": 2.4,
		"Fps": 30.0,
		"Loop": true,
		"AreBeziersRestricted": true,
		"CurveCount": 26,
		"TotalSegmentCount": 41,
		"TotalPointCount": 97,
		"UserDataCount": 0,
		"TotalUserDataSize": 0
	},
	"Curves": [
		{
			"Target": "Parameter",
			"Id": "ParamAngleX",
			"Segments": [
				0,
				0,
				0,
				2.4,
				0
			]
		},
		{
			"Target": "Parameter",
			"Id": "ParamAngleY",
			"Segments": [
				0,
				0,
				0,
				2.4,
				0
			]
		},
		{
			"Target": "Parameter",
			"Id": "ParamAngleZ",
			"Segments": [
				0,
				0,
				1,
				0.067,
				0,
				0.133,
				-8,
				0.2,
				-8,
				1,
				0.356,
				-8,
				0.511,
				26,
				0.667,
				26,
				1,
				0.789,
				26,
				0.911,
				22,
				1.033,
				22,
				0,
				2.4,
				22
			]
		},
		{
			"Target": "Parameter",
			"Id": "ParamCheek",
			"Segments": [
				0,
				0,
				0,
				2.4,
				0
			]
		},
		{
			"Target": "Parameter",
			"Id": "ParamEyeLOpen",
			"Segments": [
				0,
				0,
				0,
				2.4,
				0
			]
		},
		{
			"Target": "Parameter",
			"Id": "ParamEyeLSmile",
			"Segments": [
				0,
				1,
				0,
				2.4,
				1
			]
		},
		{
			"Target": "Parameter",
			"Id": "ParamEyeROpen",
			"Segments": [
				0,
				0,
				0,
				2.4,
				0
			]
		},
		{
			"Target": "Parameter",
			"Id": "ParamEyeRSmile",
			"Segments": [
				0,
				1,
				0,
				2.4,
				1
			]
		},
		{
			"Target": "Parameter",
			"Id": "ParamEyeBallX",
			"Segments": [
				0,
				0,
				0,
				2.4,
				0
			]
		},
		{
			"Target": "Parameter",
			"Id": "ParamEyeBallY",
			"Segments": [
				0,
				0,
				0,
				2.4,
				0
			]
		},
		{
			"Target": "Parameter",
			"Id": "ParamBrowLY",
			"Segments": [
				0,
				0,
				0,
				2.4,
				0
			]
		},
		{
			"Target": "Parameter",
			"Id": "ParamBrowRY",
			"Segments": [
				0,
				0,
				0,
				2.4,
				0
			]
		},
		{
			"Target": "Parameter",
			"Id": "ParamBrowLX",
			"Segments": [
				0,
				0,
				0,
				2.4,
				0
			]
		},
		{
			"Target": "Parameter",
			"Id": "ParamBrowRX",
			"Segments": [
				0,
				0,
				0,
				2.4,
				0
			]
		},
		{
			"Target": "Parameter",
			"Id": "ParamBrowLAngle",
			"Segments": [
				0,
				0,
				0,
				2.4,
				0
			]
		},
		{
			"Target": "Parameter",
			"Id": "ParamBrowRAngle",
			"Segments": [
				0,
				0,
				0,
				2.4,
				0
			]
		},
		{
			"Target": "Parameter",
			"Id": "ParamBrowLForm",
			"Segments": [
				0,
				0,
				0,
				2.4,
				0
			]
		},
		{
			"Target": "Parameter",
			"Id": "ParamBrowRForm",
			"Segments": [
				0,
				0,
				0,
				2.4,
				0
			]
		},
		{
			"Target": "Parameter",
			"Id": "ParamMouthOpenY",
			"Segments": [
				0,
				0,
				0,
				2.4,
				0
			]
		},
		{
			"Target": "Parameter",
			"Id": "ParamMouthForm",
			"Segments": [
				0,
				1,
				0,
				2.4,
				1
			]
		},
		{
			"Target": "Parameter",
			"Id": "ParamArmL",
			"Segments": [
				0,
				-1,
				1,
				0.133,
				-1,
				0.267,
				0,
				0.4,
				0,
				1,
				0.489,
				0,
				0.578,
				-0.31,
				0.667,
				-0.31,
				1,
				0.767,
				-0.31,
				0.867,
				-0.18,
				0.967,
				-0.18,
				0,
				2.4,
				-0.18
			]
		},
		{
			"Target": "Parameter",
			"Id": "ParamArmR",
			"Segments": [
				0,
				-1,
				1,
				0.133,
				-1,
				0.267,
				0,
				0.4,
				0,
				1,
				0.489,
				0,
				0.578,
				-0.32,
				0.667,
				-0.32,
				1,
				0.767,
				-0.32,
				0.867,
				-0.16,
				0.967,
				-0.16,
				0,
				2.4,
				-0.16
			]
		},
		{
			"Target": "Parameter",
			"Id": "ParamBodyAngleX",
			"Segments": [
				0,
				0,
				0,
				2.4,
				0
			]
		},
		{
			"Target": "Parameter",
			"Id": "ParamBodyAngleY",
			"Segments": [
				0,
				0,
				1,
				0.067,
				0,
				0.133,
				-2,
				0.2,
				-2,
				1,
				0.256,
				-2,
				0.311,
				6,
				0.367,
				6,
				1,
				0.467,
				6,
				0.567,
				-2,
				0.667,
				-2,
				1,
				0.767,
				-2,
				0.867,
				0,
				0.967,
				0,
				0,
				2.4,
				0
			]
		},
		{
			"Target": "Parameter",
			"Id": "ParamBodyAngleZ",
			"Segments": [
				0,
				0,
				1,
				0.067,
				0,
				0.133,
				-2,
				0.2,
				-2,
				1,
				0.356,
				-2,
				0.511,
				3,
				0.667,
				3,
				0,
				2.4,
				3
			]
		},
		{
			"Target": "Parameter",
			"Id": "ParamBreath",
			"Segments": [
				0,
				0,
				0,
				2.4,
				0
			]
		}
	]
}