{
	"Version": 3,
	"Meta": {
		"Duration": 2.1,
		"Fps": 30.0,
		"Loop": true,
		"AreBeziersRestricted": true,
		"CurveCount": 26,
		"TotalSegmentCount": 61,
		"TotalPointCount": 157,
		"UserDataCount": 0,
		"TotalUserDataSize": 0
	},
	"Curves": [
		{
			"Target": "Parameter",
			"Id": "ParamAngleX",
			"Segments": [
				0,
				0,
				1,
				0.078,
				0,
				0.156,
				5,
				0.233,
				5,
				0,
				2.1,
				5
			]
		},
		{
			"Target": "Parameter",
			"Id": "ParamAngleY",
			"Segments": [
				0,
				0,
				1,
				0.078,
				0,
				0.156,
				30,
				0.233,
				30,
				0,
				2.1,
				30
			]
		},
		{
			"Target": "Parameter",
			"Id": "ParamAngleZ",
			"Segments": [
				0,
				0,
				1,
				0.078,
				0,
				0.156,
				7.223,
				0.233,
				11,
				1,
				0.311,
				14.777,
				0.389,
				15,
				0.467,
				15,
				0,
				2.1,
				15
			]
		},
		{
			"Target": "Parameter",
			"Id": "ParamCheek",
			"Segments": [
				0,
				0,
				0,
				2.1,
				0
			]
		},
		{
			"Target": "Parameter",
			"Id": "ParamEyeLOpen",
			"Segments": [
				0,
				1,
				1,
				0.011,
				1,
				0.022,
				1,
				0.033,
				1,
				1,
				0.078,
				1,
				0.122,
				0,
				0.167,
				0,
				1,
				0.189,
				0,
				0.211,
				0,
				0.233,
				0,
				1,
				0.289,
				0,
				0.344,
				1,
				0.4,
				1,
				0,
				2.1,
				1
			]
		},
		{
			"Target": "Parameter",
			"Id": "ParamEyeLSmile",
			"Segments": [
				0,
				0,
				0,
				2.1,
				0
			]
		},
		{
			"Target": "Parameter",
			"Id": "ParamEyeROpen",
			"Segments": [
				0,
				1,
				1,
				0.011,
				1,
				0.022,
				1,
				0.033,
				1,
				1,
				0.078,
				1,
				0.122,
				0,
				0.167,
				0,
				1,
				0.189,
				0,
				0.211,
				0,
				0.233,
				0,
				1,
				0.289,
				0,
				0.344,
				1,
				0.4,
				1,
				0,
				2.1,
				1
			]
		},
		{
			"Target": "Parameter",
			"Id": "ParamEyeRSmile",
			"Segments": [
				0,
				0,
				0,
				2.1,
				0
			]
		},
		{
			"Target": "Parameter",
			"Id": "ParamEyeBallX",
			"Segments": [
				0,
				0,
				1,
				0.078,
				0,
				0.156,
				-0.33,
				0.233,
				-0.33,
				0,
				2.1,
				-0.33
			]
		},
		{
			"Target": "Parameter",
			"Id": "ParamEyeBallY",
			"Segments": [
				0,
				0,
				1,
				0.078,
				0,
				0.156,
				-1,
				0.233,
				-1,
				0,
				2.1,
				-1
			]
		},
		{
			"Target": "Parameter",
			"Id": "ParamBrowLY",
			"Segments": [
				0,
				0,
				1,
				0.078,
				0,
				0.156,
				0.54,
				0.233,
				0.54,
				0,
				2.1,
				0.54
			]
		},
		{
			"Target": "Parameter",
			"Id": "ParamBrowRY",
			"Segments": [
				0,
				0,
				1,
				0.078,
				0,
				0.156,
				0.53,
				0.233,
				0.53,
				0,
				2.1,
				0.53
			]
		},
		{
			"Target": "Parameter",
			"Id": "ParamBrowLX",
			"Segments": [
				0,
				0,
				0,
				2.1,
				0
			]
		},
		{
			"Target": "Parameter",
			"Id": "ParamBrowRX",
			"Segments": [
				0,
				0,
				0,
				2.1,
				0
			]
		},
		{
			"Target": "Parameter",
			"Id": "ParamBrowLAngle",
			"Segments": [
				0,
				0,
				1,
				0.078,
				0,
				0.156,
				0.4,
				0.233,
				0.4,
				0,
				2.1,
				0.4
			]
		},
		{
			"Target": "Parameter",
			"Id": "ParamBrowRAngle",
			"Segments": [
				0,
				0,
				1,
				0.078,
				0,
				0.156,
				0.39,
				0.233,
				0.39,
				0,
				2.1,
				0.39
			]
		},
		{
			"Target": "Parameter",
			"Id": "ParamBrowLForm",
			"Segments": [
				0,
				0,
				1,
				0.078,
				0,
				0.156,
				1,
				0.233,
				1,
				0,
				2.1,
				1
			]
		},
		{
			"Target": "Parameter",
			"Id": "ParamBrowRForm",
			"Segments": [
				0,
				0,
				1,
				0.078,
				0,
				0.156,
				1,
				0.233,
				1,
				0,
				2.1,
				1
			]
		},
		{
			"Target": "Parameter",
			"Id": "ParamMouthOpenY",
			"Segments": [
				0,
				0,
				1,
				0.078,
				0,
				0.156,
				1,
				0.233,
				1,
				1,
				0.311,
				1,
				0.389,
				0,
				0.467,
				0,
				0,
				2.1,
				0
			]
		},
		{
			"Target": "Parameter",
			"Id": "ParamMouthForm",
			"Segments": [
				0,
				1,
				1,
				0.078,
				1,
				0.156,
				-1,
				0.233,
				-1,
				1,
				0.311,
				-1,
				0.389,
				-1,
				0.467,
				-1,
				0,
				2.1,
				-1
			]
		},
		{
			"Target": "Parameter",
			"Id": "ParamArmL",
			"Segments": [
				0,
				-1,
				1,
				0.067,
				-1,
				0.133,
				0,
				0.2,
				0,
				1,
				0.256,
				0,
				0.311,
				-0.16,
				0.367,
				-0.16,
				1,
				0.444,
				-0.16,
				0.522,
				0,
				0.6,
				0,
				0,
				2.1,
				0
			]
		},
		{
			"Target": "Parameter",
			"Id": "ParamArmR",
			"Segments": [
				0,
				-1,
				1,
				0.067,
				-1,
				0.133,
				0,
				0.2,
				0,
				1,
				0.256,
				0,
				0.311,
				-0.18,
				0.367,
				-0.18,
				1,
				0.444,
				-0.18,
				0.522,
				0,
				0.6,
				0,
				0,
				2.1,
				0
			]
		},
		{
			"Target": "Parameter",
			"Id": "ParamBodyAngleX",
			"Segments": [
				0,
				0,
				1,
				0.078,
				0,
				0.156,
				3,
				0.233,
				3,
				0,
				2.1,
				3
			]
		},
		{
			"Target": "Parameter",
			"Id": "ParamBodyAngleY",
			"Segments": [
				0,
				0,
				1,
				0.044,
				0,
				0.089,
				10,
				0.133,
				10,
				1,
				0.211,
				10,
				0.289,
				-1,
				0.367,
				-1,
				1,
				0.422,
				-1,
				0.478,
				0,
				0.533,
				0,
				0,
				2.1,
				0
			]
		},
		{
			"Target": "Parameter",
			"Id": "ParamBodyAngleZ",
			"Segments": [
				0,
				0,
				1,
				0.111,
				0,
				0.222,
				6,
				0.333,
				6,
				0,
				2.1,
				6
			]
		},
		{
			"Target": "Parameter",
			"Id": "ParamBreath",
			"Segments": [
				0,
				0,
				0,
				2.1,
				0
			]
		}
	]
}