{
	"Version": 3,
	"Meta": {
		"PhysicsSettingCount": 13,
		"TotalInputCount": 37,
		"TotalOutputCount": 51,
		"VertexCount": 71,
		"EffectiveForces": {
			"Gravity": {
				"X": 0,
				"Y": -1
			},
			"Wind": {
				"X": 0,
				"Y": 0
			}
		},
		"PhysicsDictionary": [
			{
				"Id": "PhysicsSetting1",
				"Name": "右ツインテール　XZ"
			},
			{
				"Id": "PhysicsSetting2",
				"Name": "左ツインテール　XZ"
			},
			{
				"Id": "PhysicsSetting3",
				"Name": "右ツインテールひねり"
			},
			{
				"Id": "PhysicsSetting4",
				"Name": "左ツインテールひねり"
			},
			{
				"Id": "PhysicsSetting5",
				"Name": "左ツインテール　Y"
			},
			{
				"Id": "PhysicsSetting6",
				"Name": "右ツインテール　Y"
			},
			{
				"Id": "PhysicsSetting7",
				"Name": "ネクタイ"
			},
			{
				"Id": "PhysicsSetting8",
				"Name": "前髪　XZ"
			},
			{
				"Id": "PhysicsSetting9",
				"Name": "前髪　Y"
			},
			{
				"Id": "PhysicsSetting10",
				"Name": "スカート　揺れ"
			},
			{
				"Id": "PhysicsSetting11",
				"Name": "スカート　上下"
			},
			{
				"Id": "PhysicsSetting12",
				"Name": "ベルト"
			},
			{
				"Id": "PhysicsSetting13",
				"Name": "後ろ髪"
			}
		]
	},
	"PhysicsSettings": [
		{
			"Id": "PhysicsSetting1",
			"Input": [
				{
					"Source": {
						"Target": "Parameter",
						"Id": "ParamAngleX"
					},
					"Weight": 60,
					"Type": "X",
					"Reflect": false
				},
				{
					"Source": {
						"Target": "Parameter",
						"Id": "ParamAngleZ"
					},
					"Weight": 60,
					"Type": "Angle",
					"Reflect": false
				},
				{
					"Source": {
						"Target": "Parameter",
						"Id": "ParamBodyAngleX"
					},
					"Weight": 40,
					"Type": "X",
					"Reflect": false
				},
				{
					"Source": {
						"Target": "Parameter",
						"Id": "ParamBodyAngleZ"
					},
					"Weight": 40,
					"Type": "Angle",
					"Reflect": false
				}
			],
			"Output": [
				{
					"Destination": {
						"Target": "Parameter",
						"Id": "Param_Angle_Rotation_1_D_HAIR_BACK_00"
					},
					"VertexIndex": 1,
					"Scale": 30,
					"Weight": 70,
					"Type": "Angle",
					"Reflect": false
				},
				{
					"Destination": {
						"Target": "Parameter",
						"Id": "Param_Angle_Rotation_2_D_HAIR_BACK_00"
					},
					"VertexIndex": 2,
					"Scale": 30,
					"Weight": 70,
					"Type": "Angle",
					"Reflect": false
				},
				{
					"Destination": {
						"Target": "Parameter",
						"Id": "Param_Angle_Rotation_3_D_HAIR_BACK_00"
					},
					"VertexIndex": 3,
					"Scale": 30,
					"Weight": 70,
					"Type": "Angle",
					"Reflect": false
				},
				{
					"Destination": {
						"Target": "Parameter",
						"Id": "Param_Angle_Rotation_4_D_HAIR_BACK_00"
					},
					"VertexIndex": 4,
					"Scale": 30,
					"Weight": 70,
					"Type": "Angle",
					"Reflect": false
				},
				{
					"Destination": {
						"Target": "Parameter",
						"Id": "Param_Angle_Rotation_5_D_HAIR_BACK_00"
					},
					"VertexIndex": 5,
					"Scale": 30,
					"Weight": 70,
					"Type": "Angle",
					"Reflect": false
				},
				{
					"Destination": {
						"Target": "Parameter",
						"Id": "Param_Angle_Rotation_6_D_HAIR_BACK_00"
					},
					"VertexIndex": 6,
					"Scale": 30,
					"Weight": 70,
					"Type": "Angle",
					"Reflect": false
				},
				{
					"Destination": {
						"Target": "Parameter",
						"Id": "Param_Angle_Rotation_7_D_HAIR_BACK_00"
					},
					"VertexIndex": 7,
					"Scale": 30,
					"Weight": 70,
					"Type": "Angle",
					"Reflect": false
				},
				{
					"Destination": {
						"Target": "Parameter",
						"Id": "Param_Angle_Rotation_8_D_HAIR_BACK_00"
					},
					"VertexIndex": 8,
					"Scale": 30,
					"Weight": 70,
					"Type": "Angle",
					"Reflect": false
				},
				{
					"Destination": {
						"Target": "Parameter",
						"Id": "Param_Angle_Rotation_9_D_HAIR_BACK_00"
					},
					"VertexIndex": 9,
					"Scale": 30,
					"Weight": 70,
					"Type": "Angle",
					"Reflect": false
				}
			],
			"Vertices": [
				{
					"Position": {
						"X": 0,
						"Y": 0
					},
					"Mobility": 1,
					"Delay": 1,
					"Acceleration": 1,
					"Radius": 0
				},
				{
					"Position": {
						"X": 0,
						"Y": 10
					},
					"Mobility": 0.85,
					"Delay": 0.85,
					"Acceleration": 1.2,
					"Radius": 10
				},
				{
					"Position": {
						"X": 0,
						"Y": 20
					},
					"Mobility": 0.85,
					"Delay": 0.85,
					"Acceleration": 1.2,
					"Radius": 10
				},
				{
					"Position": {
						"X": 0,
						"Y": 30
					},
					"Mobility": 0.85,
					"Delay": 0.85,
					"Acceleration": 1.2,
					"Radius": 10
				},
				{
					"Position": {
						"X": 0,
						"Y": 40
					},
					"Mobility": 0.85,
					"Delay": 0.85,
					"Acceleration": 1.2,
					"Radius": 10
				},
				{
					"Position": {
						"X": 0,
						"Y": 50
					},
					"Mobility": 0.85,
					"Delay": 0.85,
					"Acceleration": 1.2,
					"Radius": 10
				},
				{
					"Position": {
						"X": 0,
						"Y": 60
					},
					"Mobility": 0.85,
					"Delay": 0.85,
					"Acceleration": 1.2,
					"Radius": 10
				},
				{
					"Position": {
						"X": 0,
						"Y": 70
					},
					"Mobility": 0.85,
					"Delay": 0.85,
					"Acceleration": 1.2,
					"Radius": 10
				},
				{
					"Position": {
						"X": 0,
						"Y": 80
					},
					"Mobility": 0.85,
					"Delay": 0.85,
					"Acceleration": 1.2,
					"Radius": 10
				},
				{
					"Position": {
						"X": 0,
						"Y": 90
					},
					"Mobility": 0.85,
					"Delay": 0.85,
					"Acceleration": 1.2,
					"Radius": 10
				},
				{
					"Position": {
						"X": 0,
						"Y": 100
					},
					"Mobility": 0.85,
					"Delay": 0.85,
					"Acceleration": 1.2,
					"Radius": 10
				}
			],
			"Normalization": {
				"Position": {
					"Minimum": -10,
					"Default": 0,
					"Maximum": 10
				},
				"Angle": {
					"Minimum": -16.3,
					"Default": 0,
					"Maximum": 26.5
				}
			}
		},
		{
			"Id": "PhysicsSetting2",
			"Input": [
				{
					"Source": {
						"Target": "Parameter",
						"Id": "ParamAngleX"
					},
					"Weight": 60,
					"Type": "X",
					"Reflect": false
				},
				{
					"Source": {
						"Target": "Parameter",
						"Id": "ParamAngleZ"
					},
					"Weight": 60,
					"Type": "Angle",
					"Reflect": false
				},
				{
					"Source": {
						"Target": "Parameter",
						"Id": "ParamBodyAngleX"
					},
					"Weight": 40,
					"Type": "X",
					"Reflect": false
				},
				{
					"Source": {
						"Target": "Parameter",
						"Id": "ParamBodyAngleZ"
					},
					"Weight": 40,
					"Type": "Angle",
					"Reflect": false
				}
			],
			"Output": [
				{
					"Destination": {
						"Target": "Parameter",
						"Id": "Param_Angle_Rotation_1_D_HAIR_BACK_10"
					},
					"VertexIndex": 1,
					"Scale": 30,
					"Weight": 70,
					"Type": "Angle",
					"Reflect": false
				},
				{
					"Destination": {
						"Target": "Parameter",
						"Id": "Param_Angle_Rotation_2_D_HAIR_BACK_10"
					},
					"VertexIndex": 2,
					"Scale": 30,
					"Weight": 70,
					"Type": "Angle",
					"Reflect": false
				},
				{
					"Destination": {
						"Target": "Parameter",
						"Id": "Param_Angle_Rotation_3_D_HAIR_BACK_10"
					},
					"VertexIndex": 3,
					"Scale": 30,
					"Weight": 70,
					"Type": "Angle",
					"Reflect": false
				},
				{
					"Destination": {
						"Target": "Parameter",
						"Id": "Param_Angle_Rotation_4_D_HAIR_BACK_10"
					},
					"VertexIndex": 4,
					"Scale": 30,
					"Weight": 70,
					"Type": "Angle",
					"Reflect": false
				},
				{
					"Destination": {
						"Target": "Parameter",
						"Id": "Param_Angle_Rotation_5_D_HAIR_BACK_10"
					},
					"VertexIndex": 5,
					"Scale": 30,
					"Weight": 70,
					"Type": "Angle",
					"Reflect": false
				},
				{
					"Destination": {
						"Target": "Parameter",
						"Id": "Param_Angle_Rotation_6_D_HAIR_BACK_10"
					},
					"VertexIndex": 6,
					"Scale": 30,
					"Weight": 70,
					"Type": "Angle",
					"Reflect": false
				},
				{
					"Destination": {
						"Target": "Parameter",
						"Id": "Param_Angle_Rotation_7_D_HAIR_BACK_10"
					},
					"VertexIndex": 7,
					"Scale": 30,
					"Weight": 70,
					"Type": "Angle",
					"Reflect": false
				},
				{
					"Destination": {
						"Target": "Parameter",
						"Id": "Param_Angle_Rotation_8_D_HAIR_BACK_10"
					},
					"VertexIndex": 9,
					"Scale": 30,
					"Weight": 70,
					"Type": "Angle",
					"Reflect": false
				},
				{
					"Destination": {
						"Target": "Parameter",
						"Id": "Param_Angle_Rotation_9_D_HAIR_BACK_10"
					},
					"VertexIndex": 8,
					"Scale": 30,
					"Weight": 70,
					"Type": "Angle",
					"Reflect": false
				}
			],
			"Vertices": [
				{
					"Position": {
						"X": 0,
						"Y": 0
					},
					"Mobility": 1,
					"Delay": 1,
					"Acceleration": 1,
					"Radius": 0
				},
				{
					"Position": {
						"X": 0,
						"Y": 10
					},
					"Mobility": 0.85,
					"Delay": 0.85,
					"Acceleration": 1.2,
					"Radius": 10
				},
				{
					"Position": {
						"X": 0,
						"Y": 20
					},
					"Mobility": 0.85,
					"Delay": 0.85,
					"Acceleration": 1.2,
					"Radius": 10
				},
				{
					"Position": {
						"X": 0,
						"Y": 30
					},
					"Mobility": 0.85,
					"Delay": 0.85,
					"Acceleration": 1.2,
					"Radius": 10
				},
				{
					"Position": {
						"X": 0,
						"Y": 40
					},
					"Mobility": 0.85,
					"Delay": 0.85,
					"Acceleration": 1.2,
					"Radius": 10
				},
				{
					"Position": {
						"X": 0,
						"Y": 50
					},
					"Mobility": 0.85,
					"Delay": 0.85,
					"Acceleration": 1.2,
					"Radius": 10
				},
				{
					"Position": {
						"X": 0,
						"Y": 60
					},
					"Mobility": 0.85,
					"Delay": 0.85,
					"Acceleration": 1.2,
					"Radius": 10
				},
				{
					"Position": {
						"X": 0,
						"Y": 70
					},
					"Mobility": 0.85,
					"Delay": 0.85,
					"Acceleration": 1.2,
					"Radius": 10
				},
				{
					"Position": {
						"X": 0,
						"Y": 80
					},
					"Mobility": 0.85,
					"Delay": 0.85,
					"Acceleration": 1.2,
					"Radius": 10
				},
				{
					"Position": {
						"X": 0,
						"Y": 90
					},
					"Mobility": 0.85,
					"Delay": 0.85,
					"Acceleration": 1.2,
					"Radius": 10
				},
				{
					"Position": {
						"X": 0,
						"Y": 100
					},
					"Mobility": 0.85,
					"Delay": 0.85,
					"Acceleration": 1.2,
					"Radius": 10
				}
			],
			"Normalization": {
				"Position": {
					"Minimum": -10,
					"Default": 0,
					"Maximum": 10
				},
				"Angle": {
					"Minimum": -46.9,
					"Default": 0,
					"Maximum": 19
				}
			}
		},
		{
			"Id": "PhysicsSetting3",
			"Input": [
				{
					"Source": {
						"Target": "Parameter",
						"Id": "ParamAngleX"
					},
					"Weight": 60,
					"Type": "X",
					"Reflect": false
				},
				{
					"Source": {
						"Target": "Parameter",
						"Id": "ParamAngleZ"
					},
					"Weight": 60,
					"Type": "Angle",
					"Reflect": false
				},
				{
					"Source": {
						"Target": "Parameter",
						"Id": "ParamBodyAngleX"
					},
					"Weight": 40,
					"Type": "X",
					"Reflect": false
				},
				{
					"Source": {
						"Target": "Parameter",
						"Id": "ParamBodyAngleZ"
					},
					"Weight": 40,
					"Type": "Angle",
					"Reflect": false
				}
			],
			"Output": [
				{
					"Destination": {
						"Target": "Parameter",
						"Id": "ParamHairBackR6"
					},
					"VertexIndex": 1,
					"Scale": 1.416,
					"Weight": 100,
					"Type": "Angle",
					"Reflect": false
				}
			],
			"Vertices": [
				{
					"Position": {
						"X": 0,
						"Y": 0
					},
					"Mobility": 1,
					"Delay": 1,
					"Acceleration": 1,
					"Radius": 0
				},
				{
					"Position": {
						"X": 0,
						"Y": 15
					},
					"Mobility": 0.95,
					"Delay": 0.8,
					"Acceleration": 1.5,
					"Radius": 15
				}
			],
			"Normalization": {
				"Position": {
					"Minimum": -10,
					"Default": 0,
					"Maximum": 10
				},
				"Angle": {
					"Minimum": -10,
					"Default": 0,
					"Maximum": 10
				}
			}
		},
		{
			"Id": "PhysicsSetting4",
			"Input": [
				{
					"Source": {
						"Target": "Parameter",
						"Id": "ParamAngleX"
					},
					"Weight": 60,
					"Type": "X",
					"Reflect": false
				},
				{
					"Source": {
						"Target": "Parameter",
						"Id": "ParamAngleZ"
					},
					"Weight": 60,
					"Type": "Angle",
					"Reflect": false
				},
				{
					"Source": {
						"Target": "Parameter",
						"Id": "ParamBodyAngleX"
					},
					"Weight": 40,
					"Type": "X",
					"Reflect": false
				},
				{
					"Source": {
						"Target": "Parameter",
						"Id": "ParamBodyAngleZ"
					},
					"Weight": 40,
					"Type": "Angle",
					"Reflect": false
				}
			],
			"Output": [
				{
					"Destination": {
						"Target": "Parameter",
						"Id": "ParamHairBackL8"
					},
					"VertexIndex": 1,
					"Scale": 1.744,
					"Weight": 100,
					"Type": "Angle",
					"Reflect": false
				}
			],
			"Vertices": [
				{
					"Position": {
						"X": 0,
						"Y": 0
					},
					"Mobility": 1,
					"Delay": 1,
					"Acceleration": 1,
					"Radius": 0
				},
				{
					"Position": {
						"X": 0,
						"Y": 15
					},
					"Mobility": 0.95,
					"Delay": 0.8,
					"Acceleration": 1.5,
					"Radius": 15
				}
			],
			"Normalization": {
				"Position": {
					"Minimum": -10,
					"Default": 0,
					"Maximum": 10
				},
				"Angle": {
					"Minimum": -10,
					"Default": 0,
					"Maximum": 10
				}
			}
		},
		{
			"Id": "PhysicsSetting5",
			"Input": [
				{
					"Source": {
						"Target": "Parameter",
						"Id": "ParamAngleY"
					},
					"Weight": 30,
					"Type": "X",
					"Reflect": false
				},
				{
					"Source": {
						"Target": "Parameter",
						"Id": "ParamBodyAngleY"
					},
					"Weight": 70,
					"Type": "X",
					"Reflect": false
				}
			],
			"Output": [
				{
					"Destination": {
						"Target": "Parameter",
						"Id": "Param_Angle_Rotation_1_D_HAIR_BACK_10"
					},
					"VertexIndex": 1,
					"Scale": 10,
					"Weight": 30,
					"Type": "Angle",
					"Reflect": false
				},
				{
					"Destination": {
						"Target": "Parameter",
						"Id": "Param_Angle_Rotation_2_D_HAIR_BACK_10"
					},
					"VertexIndex": 2,
					"Scale": 10,
					"Weight": 30,
					"Type": "Angle",
					"Reflect": false
				},
				{
					"Destination": {
						"Target": "Parameter",
						"Id": "Param_Angle_Rotation_3_D_HAIR_BACK_10"
					},
					"VertexIndex": 3,
					"Scale": 10,
					"Weight": 30,
					"Type": "Angle",
					"Reflect": false
				},
				{
					"Destination": {
						"Target": "Parameter",
						"Id": "Param_Angle_Rotation_4_D_HAIR_BACK_10"
					},
					"VertexIndex": 4,
					"Scale": 10,
					"Weight": 30,
					"Type": "Angle",
					"Reflect": false
				},
				{
					"Destination": {
						"Target": "Parameter",
						"Id": "Param_Angle_Rotation_5_D_HAIR_BACK_10"
					},
					"VertexIndex": 5,
					"Scale": 10,
					"Weight": 30,
					"Type": "Angle",
					"Reflect": false
				},
				{
					"Destination": {
						"Target": "Parameter",
						"Id": "Param_Angle_Rotation_6_D_HAIR_BACK_10"
					},
					"VertexIndex": 6,
					"Scale": 10,
					"Weight": 30,
					"Type": "Angle",
					"Reflect": false
				},
				{
					"Destination": {
						"Target": "Parameter",
						"Id": "Param_Angle_Rotation_7_D_HAIR_BACK_10"
					},
					"VertexIndex": 7,
					"Scale": 10,
					"Weight": 30,
					"Type": "Angle",
					"Reflect": false
				},
				{
					"Destination": {
						"Target": "Parameter",
						"Id": "Param_Angle_Rotation_8_D_HAIR_BACK_10"
					},
					"VertexIndex": 8,
					"Scale": 10,
					"Weight": 30,
					"Type": "Angle",
					"Reflect": false
				},
				{
					"Destination": {
						"Target": "Parameter",
						"Id": "Param_Angle_Rotation_9_D_HAIR_BACK_10"
					},
					"VertexIndex": 9,
					"Scale": 10,
					"Weight": 30,
					"Type": "Angle",
					"Reflect": false
				}
			],
			"Vertices": [
				{
					"Position": {
						"X": 0,
						"Y": 0
					},
					"Mobility": 1,
					"Delay": 1,
					"Acceleration": 1,
					"Radius": 0
				},
				{
					"Position": {
						"X": 0,
						"Y": 10
					},
					"Mobility": 0.85,
					"Delay": 0.85,
					"Acceleration": 1.2,
					"Radius": 10
				},
				{
					"Position": {
						"X": 0,
						"Y": 20
					},
					"Mobility": 0.85,
					"Delay": 0.85,
					"Acceleration": 1.2,
					"Radius": 10
				},
				{
					"Position": {
						"X": 0,
						"Y": 30
					},
					"Mobility": 0.85,
					"Delay": 0.85,
					"Acceleration": 1.2,
					"Radius": 10
				},
				{
					"Position": {
						"X": 0,
						"Y": 40
					},
					"Mobility": 0.85,
					"Delay": 0.85,
					"Acceleration": 1.2,
					"Radius": 10
				},
				{
					"Position": {
						"X": 0,
						"Y": 50
					},
					"Mobility": 0.85,
					"Delay": 0.85,
					"Acceleration": 1.2,
					"Radius": 10
				},
				{
					"Position": {
						"X": 0,
						"Y": 60
					},
					"Mobility": 0.85,
					"Delay": 0.85,
					"Acceleration": 1.2,
					"Radius": 10
				},
				{
					"Position": {
						"X": 0,
						"Y": 70
					},
					"Mobility": 0.85,
					"Delay": 0.85,
					"Acceleration": 1.2,
					"Radius": 10
				},
				{
					"Position": {
						"X": 0,
						"Y": 80
					},
					"Mobility": 0.85,
					"Delay": 0.85,
					"Acceleration": 1.2,
					"Radius": 10
				},
				{
					"Position": {
						"X": 0,
						"Y": 90
					},
					"Mobility": 0.85,
					"Delay": 0.85,
					"Acceleration": 1.2,
					"Radius": 10
				},
				{
					"Position": {
						"X": 0,
						"Y": 100
					},
					"Mobility": 0.85,
					"Delay": 0.85,
					"Acceleration": 1.2,
					"Radius": 10
				}
			],
			"Normalization": {
				"Position": {
					"Minimum": -10,
					"Default": 0,
					"Maximum": 10
				},
				"Angle": {
					"Minimum": -10,
					"Default": 0,
					"Maximum": 10
				}
			}
		},
		{
			"Id": "PhysicsSetting6",
			"Input": [
				{
					"Source": {
						"Target": "Parameter",
						"Id": "ParamAngleY"
					},
					"Weight": 30,
					"Type": "X",
					"Reflect": true
				},
				{
					"Source": {
						"Target": "Parameter",
						"Id": "ParamBodyAngleY"
					},
					"Weight": 70,
					"Type": "X",
					"Reflect": true
				}
			],
			"Output": [
				{
					"Destination": {
						"Target": "Parameter",
						"Id": "Param_Angle_Rotation_1_D_HAIR_BACK_00"
					},
					"VertexIndex": 1,
					"Scale": 10,
					"Weight": 30,
					"Type": "Angle",
					"Reflect": false
				},
				{
					"Destination": {
						"Target": "Parameter",
						"Id": "Param_Angle_Rotation_2_D_HAIR_BACK_00"
					},
					"VertexIndex": 2,
					"Scale": 10,
					"Weight": 30,
					"Type": "Angle",
					"Reflect": false
				},
				{
					"Destination": {
						"Target": "Parameter",
						"Id": "Param_Angle_Rotation_3_D_HAIR_BACK_00"
					},
					"VertexIndex": 3,
					"Scale": 10,
					"Weight": 30,
					"Type": "Angle",
					"Reflect": false
				},
				{
					"Destination": {
						"Target": "Parameter",
						"Id": "Param_Angle_Rotation_4_D_HAIR_BACK_00"
					},
					"VertexIndex": 4,
					"Scale": 10,
					"Weight": 30,
					"Type": "Angle",
					"Reflect": false
				},
				{
					"Destination": {
						"Target": "Parameter",
						"Id": "Param_Angle_Rotation_5_D_HAIR_BACK_00"
					},
					"VertexIndex": 5,
					"Scale": 10,
					"Weight": 30,
					"Type": "Angle",
					"Reflect": false
				},
				{
					"Destination": {
						"Target": "Parameter",
						"Id": "Param_Angle_Rotation_6_D_HAIR_BACK_00"
					},
					"VertexIndex": 6,
					"Scale": 10,
					"Weight": 30,
					"Type": "Angle",
					"Reflect": false
				},
				{
					"Destination": {
						"Target": "Parameter",
						"Id": "Param_Angle_Rotation_7_D_HAIR_BACK_00"
					},
					"VertexIndex": 7,
					"Scale": 10,
					"Weight": 30,
					"Type": "Angle",
					"Reflect": false
				},
				{
					"Destination": {
						"Target": "Parameter",
						"Id": "Param_Angle_Rotation_8_D_HAIR_BACK_00"
					},
					"VertexIndex": 8,
					"Scale": 10,
					"Weight": 30,
					"Type": "Angle",
					"Reflect": false
				},
				{
					"Destination": {
						"Target": "Parameter",
						"Id": "Param_Angle_Rotation_9_D_HAIR_BACK_00"
					},
					"VertexIndex": 9,
					"Scale": 10,
					"Weight": 30,
					"Type": "Angle",
					"Reflect": false
				}
			],
			"Vertices": [
				{
					"Position": {
						"X": 0,
						"Y": 0
					},
					"Mobility": 1,
					"Delay": 1,
					"Acceleration": 1,
					"Radius": 0
				},
				{
					"Position": {
						"X": 0,
						"Y": 10
					},
					"Mobility": 0.85,
					"Delay": 0.85,
					"Acceleration": 1.2,
					"Radius": 10
				},
				{
					"Position": {
						"X": 0,
						"Y": 20
					},
					"Mobility": 0.85,
					"Delay": 0.85,
					"Acceleration": 1.2,
					"Radius": 10
				},
				{
					"Position": {
						"X": 0,
						"Y": 30
					},
					"Mobility": 0.85,
					"Delay": 0.85,
					"Acceleration": 1.2,
					"Radius": 10
				},
				{
					"Position": {
						"X": 0,
						"Y": 40
					},
					"Mobility": 0.85,
					"Delay": 0.85,
					"Acceleration": 1.2,
					"Radius": 10
				},
				{
					"Position": {
						"X": 0,
						"Y": 50
					},
					"Mobility": 0.85,
					"Delay": 0.85,
					"Acceleration": 1.2,
					"Radius": 10
				},
				{
					"Position": {
						"X": 0,
						"Y": 60
					},
					"Mobility": 0.85,
					"Delay": 0.85,
					"Acceleration": 1.2,
					"Radius": 10
				},
				{
					"Position": {
						"X": 0,
						"Y": 70
					},
					"Mobility": 0.85,
					"Delay": 0.85,
					"Acceleration": 1.2,
					"Radius": 10
				},
				{
					"Position": {
						"X": 0,
						"Y": 80
					},
					"Mobility": 0.85,
					"Delay": 0.85,
					"Acceleration": 1.2,
					"Radius": 10
				},
				{
					"Position": {
						"X": 0,
						"Y": 90
					},
					"Mobility": 0.85,
					"Delay": 0.85,
					"Acceleration": 1.2,
					"Radius": 10
				},
				{
					"Position": {
						"X": 0,
						"Y": 100
					},
					"Mobility": 0.85,
					"Delay": 0.85,
					"Acceleration": 1.2,
					"Radius": 10
				}
			],
			"Normalization": {
				"Position": {
					"Minimum": -10,
					"Default": 0,
					"Maximum": 10
				},
				"Angle": {
					"Minimum": -10,
					"Default": 0,
					"Maximum": 10
				}
			}
		},
		{
			"Id": "PhysicsSetting7",
			"Input": [
				{
					"Source": {
						"Target": "Parameter",
						"Id": "ParamBodyAngleX"
					},
					"Weight": 100,
					"Type": "X",
					"Reflect": false
				},
				{
					"Source": {
						"Target": "Parameter",
						"Id": "ParamBodyAngleZ"
					},
					"Weight": 100,
					"Type": "Angle",
					"Reflect": false
				}
			],
			"Output": [
				{
					"Destination": {
						"Target": "Parameter",
						"Id": "Param_Angle_Rotation_1_D_BODY_06"
					},
					"VertexIndex": 1,
					"Scale": 2,
					"Weight": 100,
					"Type": "Angle",
					"Reflect": false
				},
				{
					"Destination": {
						"Target": "Parameter",
						"Id": "Param_Angle_Rotation_2_D_BODY_06"
					},
					"VertexIndex": 2,
					"Scale": 20,
					"Weight": 100,
					"Type": "Angle",
					"Reflect": false
				},
				{
					"Destination": {
						"Target": "Parameter",
						"Id": "Param_Angle_Rotation_3_D_BODY_06"
					},
					"VertexIndex": 3,
					"Scale": 20,
					"Weight": 100,
					"Type": "Angle",
					"Reflect": false
				},
				{
					"Destination": {
						"Target": "Parameter",
						"Id": "Param_Angle_Rotation_4_D_BODY_06"
					},
					"VertexIndex": 4,
					"Scale": 20,
					"Weight": 100,
					"Type": "Angle",
					"Reflect": false
				},
				{
					"Destination": {
						"Target": "Parameter",
						"Id": "Param_Angle_Rotation_5_D_BODY_06"
					},
					"VertexIndex": 5,
					"Scale": 20,
					"Weight": 100,
					"Type": "Angle",
					"Reflect": false
				},
				{
					"Destination": {
						"Target": "Parameter",
						"Id": "Param_Angle_Rotation_6_D_BODY_06"
					},
					"VertexIndex": 6,
					"Scale": 20,
					"Weight": 100,
					"Type": "Angle",
					"Reflect": false
				},
				{
					"Destination": {
						"Target": "Parameter",
						"Id": "Param_Angle_Rotation_7_D_BODY_06"
					},
					"VertexIndex": 7,
					"Scale": 20,
					"Weight": 100,
					"Type": "Angle",
					"Reflect": false
				}
			],
			"Vertices": [
				{
					"Position": {
						"X": 0,
						"Y": 0
					},
					"Mobility": 0.75,
					"Delay": 1.5,
					"Acceleration": 1.5,
					"Radius": 20
				},
				{
					"Position": {
						"X": 0,
						"Y": 20
					},
					"Mobility": 0.75,
					"Delay": 1.5,
					"Acceleration": 1.5,
					"Radius": 20
				},
				{
					"Position": {
						"X": 0,
						"Y": 40
					},
					"Mobility": 0.75,
					"Delay": 1.5,
					"Acceleration": 1.5,
					"Radius": 20
				},
				{
					"Position": {
						"X": 0,
						"Y": 60
					},
					"Mobility": 0.75,
					"Delay": 1.5,
					"Acceleration": 1.5,
					"Radius": 20
				},
				{
					"Position": {
						"X": 0,
						"Y": 80
					},
					"Mobility": 0.75,
					"Delay": 1.5,
					"Acceleration": 1.5,
					"Radius": 20
				},
				{
					"Position": {
						"X": 0,
						"Y": 100
					},
					"Mobility": 0.75,
					"Delay": 1.5,
					"Acceleration": 1.5,
					"Radius": 20
				},
				{
					"Position": {
						"X": 0,
						"Y": 120
					},
					"Mobility": 0.75,
					"Delay": 1.5,
					"Acceleration": 1.5,
					"Radius": 20
				},
				{
					"Position": {
						"X": 0,
						"Y": 140
					},
					"Mobility": 0.75,
					"Delay": 1.5,
					"Acceleration": 1.5,
					"Radius": 20
				},
				{
					"Position": {
						"X": 0,
						"Y": 160
					},
					"Mobility": 0.75,
					"Delay": 1.5,
					"Acceleration": 1.5,
					"Radius": 20
				},
				{
					"Position": {
						"X": 0,
						"Y": 180
					},
					"Mobility": 0.75,
					"Delay": 1.5,
					"Acceleration": 1.5,
					"Radius": 20
				},
				{
					"Position": {
						"X": 0,
						"Y": 200
					},
					"Mobility": 0.75,
					"Delay": 1.5,
					"Acceleration": 1.5,
					"Radius": 20
				}
			],
			"Normalization": {
				"Position": {
					"Minimum": -10,
					"Default": 0,
					"Maximum": 10
				},
				"Angle": {
					"Minimum": -10,
					"Default": 0,
					"Maximum": 10
				}
			}
		},
		{
			"Id": "PhysicsSetting8",
			"Input": [
				{
					"Source": {
						"Target": "Parameter",
						"Id": "ParamAngleX"
					},
					"Weight": 60,
					"Type": "X",
					"Reflect": false
				},
				{
					"Source": {
						"Target": "Parameter",
						"Id": "ParamAngleZ"
					},
					"Weight": 60,
					"Type": "Angle",
					"Reflect": false
				},
				{
					"Source": {
						"Target": "Parameter",
						"Id": "ParamBodyAngleX"
					},
					"Weight": 40,
					"Type": "X",
					"Reflect": false
				},
				{
					"Source": {
						"Target": "Parameter",
						"Id": "ParamBodyAngleZ"
					},
					"Weight": 40,
					"Type": "Angle",
					"Reflect": false
				}
			],
			"Output": [
				{
					"Destination": {
						"Target": "Parameter",
						"Id": "ParamHairFront"
					},
					"VertexIndex": 1,
					"Scale": 1.356,
					"Weight": 100,
					"Type": "Angle",
					"Reflect": false
				}
			],
			"Vertices": [
				{
					"Position": {
						"X": 0,
						"Y": 0
					},
					"Mobility": 1,
					"Delay": 1,
					"Acceleration": 1,
					"Radius": 0
				},
				{
					"Position": {
						"X": 0,
						"Y": 15
					},
					"Mobility": 0.95,
					"Delay": 0.8,
					"Acceleration": 1.5,
					"Radius": 15
				}
			],
			"Normalization": {
				"Position": {
					"Minimum": -10,
					"Default": 0,
					"Maximum": 10
				},
				"Angle": {
					"Minimum": -10,
					"Default": 0,
					"Maximum": 10
				}
			}
		},
		{
			"Id": "PhysicsSetting9",
			"Input": [
				{
					"Source": {
						"Target": "Parameter",
						"Id": "ParamAngleY"
					},
					"Weight": 60,
					"Type": "X",
					"Reflect": false
				},
				{
					"Source": {
						"Target": "Parameter",
						"Id": "ParamBodyAngleY"
					},
					"Weight": 40,
					"Type": "X",
					"Reflect": false
				}
			],
			"Output": [
				{
					"Destination": {
						"Target": "Parameter",
						"Id": "ParamHairFront2"
					},
					"VertexIndex": 1,
					"Scale": 1,
					"Weight": 100,
					"Type": "Angle",
					"Reflect": false
				}
			],
			"Vertices": [
				{
					"Position": {
						"X": 0,
						"Y": 0
					},
					"Mobility": 1,
					"Delay": 1,
					"Acceleration": 1,
					"Radius": 0
				},
				{
					"Position": {
						"X": 0,
						"Y": 15
					},
					"Mobility": 0.95,
					"Delay": 0.8,
					"Acceleration": 1.5,
					"Radius": 15
				}
			],
			"Normalization": {
				"Position": {
					"Minimum": -10,
					"Default": 0,
					"Maximum": 10
				},
				"Angle": {
					"Minimum": -10,
					"Default": 0,
					"Maximum": 10
				}
			}
		},
		{
			"Id": "PhysicsSetting10",
			"Input": [
				{
					"Source": {
						"Target": "Parameter",
						"Id": "ParamBodyAngleX"
					},
					"Weight": 100,
					"Type": "X",
					"Reflect": false
				},
				{
					"Source": {
						"Target": "Parameter",
						"Id": "ParamBodyAngleZ"
					},
					"Weight": 100,
					"Type": "Angle",
					"Reflect": false
				}
			],
			"Output": [
				{
					"Destination": {
						"Target": "Parameter",
						"Id": "Param"
					},
					"VertexIndex": 1,
					"Scale": 1.203,
					"Weight": 100,
					"Type": "Angle",
					"Reflect": false
				}
			],
			"Vertices": [
				{
					"Position": {
						"X": 0,
						"Y": 0
					},
					"Mobility": 1,
					"Delay": 1,
					"Acceleration": 1,
					"Radius": 0
				},
				{
					"Position": {
						"X": 0,
						"Y": 10
					},
					"Mobility": 0.85,
					"Delay": 1,
					"Acceleration": 1.5,
					"Radius": 10
				}
			],
			"Normalization": {
				"Position": {
					"Minimum": -10,
					"Default": 0,
					"Maximum": 10
				},
				"Angle": {
					"Minimum": -10,
					"Default": 0,
					"Maximum": 10
				}
			}
		},
		{
			"Id": "PhysicsSetting11",
			"Input": [
				{
					"Source": {
						"Target": "Parameter",
						"Id": "ParamBodyAngleY"
					},
					"Weight": 100,
					"Type": "X",
					"Reflect": false
				}
			],
			"Output": [
				{
					"Destination": {
						"Target": "Parameter",
						"Id": "Param2"
					},
					"VertexIndex": 1,
					"Scale": 1,
					"Weight": 100,
					"Type": "Angle",
					"Reflect": false
				}
			],
			"Vertices": [
				{
					"Position": {
						"X": 0,
						"Y": 0
					},
					"Mobility": 1,
					"Delay": 1,
					"Acceleration": 1,
					"Radius": 0
				},
				{
					"Position": {
						"X": 0,
						"Y": 10
					},
					"Mobility": 0.85,
					"Delay": 1,
					"Acceleration": 1.5,
					"Radius": 10
				}
			],
			"Normalization": {
				"Position": {
					"Minimum": -10,
					"Default": 0,
					"Maximum": 10
				},
				"Angle": {
					"Minimum": -10,
					"Default": 0,
					"Maximum": 10
				}
			}
		},
		{
			"Id": "PhysicsSetting12",
			"Input": [
				{
					"Source": {
						"Target": "Parameter",
						"Id": "ParamBodyAngleX"
					},
					"Weight": 100,
					"Type": "X",
					"Reflect": false
				},
				{
					"Source": {
						"Target": "Parameter",
						"Id": "ParamBodyAngleZ"
					},
					"Weight": 100,
					"Type": "Angle",
					"Reflect": false
				}
			],
			"Output": [
				{
					"Destination": {
						"Target": "Parameter",
						"Id": "Param3"
					},
					"VertexIndex": 1,
					"Scale": 1.684,
					"Weight": 100,
					"Type": "Angle",
					"Reflect": false
				}
			],
			"Vertices": [
				{
					"Position": {
						"X": 0,
						"Y": 0
					},
					"Mobility": 1,
					"Delay": 1,
					"Acceleration": 1,
					"Radius": 0
				},
				{
					"Position": {
						"X": 0,
						"Y": 7
					},
					"Mobility": 0.9,
					"Delay": 0.9,
					"Acceleration": 1.5,
					"Radius": 7
				}
			],
			"Normalization": {
				"Position": {
					"Minimum": -10,
					"Default": 0,
					"Maximum": 10
				},
				"Angle": {
					"Minimum": -10,
					"Default": 0,
					"Maximum": 10
				}
			}
		},
		{
			"Id": "PhysicsSetting13",
			"Input": [
				{
					"Source": {
						"Target": "Parameter",
						"Id": "ParamAngleX"
					},
					"Weight": 60,
					"Type": "X",
					"Reflect": false
				},
				{
					"Source": {
						"Target": "Parameter",
						"Id": "ParamAngleZ"
					},
					"Weight": 60,
					"Type": "Angle",
					"Reflect": false
				},
				{
					"Source": {
						"Target": "Parameter",
						"Id": "ParamBodyAngleX"
					},
					"Weight": 40,
					"Type": "X",
					"Reflect": false
				},
				{
					"Source": {
						"Target": "Parameter",
						"Id": "ParamBodyAngleZ"
					},
					"Weight": 40,
					"Type": "Angle",
					"Reflect": false
				}
			],
			"Output": [
				{
					"Destination": {
						"Target": "Parameter",
						"Id": "ParamHairBack"
					},
					"VertexIndex": 1,
					"Scale": 1,
					"Weight": 100,
					"Type": "Angle",
					"Reflect": false
				}
			],
			"Vertices": [
				{
					"Position": {
						"X": 0,
						"Y": 0
					},
					"Mobility": 1,
					"Delay": 1,
					"Acceleration": 1,
					"Radius": 0
				},
				{
					"Position": {
						"X": 0,
						"Y": 3
					},
					"Mobility": 0.95,
					"Delay": 0.9,
					"Acceleration": 1.5,
					"Radius": 3
				}
			],
			"Normalization": {
				"Position": {
					"Minimum": -10,
					"Default": 0,
					"Maximum": 10
				},
				"Angle": {
					"Minimum": -10,
					"Default": 0,
					"Maximum": 10
				}
			}
		}
	]
}